iter	Logloss
0	0.6388743434
1	0.5971971329
2	0.5727265816
3	0.5515225027
4	0.5374458729
5	0.5267173748
6	0.5225095839
7	0.5165622257
8	0.5104962092
9	0.5076181116
10	0.4997930892
11	0.4954585362
12	0.4953886156
13	0.4890037483
14	0.4824145937
15	0.4802915473
16	0.47319601
17	0.4715933018
18	0.4683002043
19	0.4633757893
